Model,MAE,RMSE,R2
Persistence,2.7383035112512233,4.886996969569844,0.9757153253381313
Linear Regression,4.77174386554827,7.575259338634698,0.9416496908727902
Ridge,5.096031942468899,7.858460280713561,0.9372052876872253
Random Forest,5.264927890531199,7.483689659073918,0.9430518409720169
XGBoost,5.020782284601756,7.283056352411294,0.9460644029199681
